Item ID,Item,Description,Item Sales Rep,DNR Activity Code,Item Vendor,Last Date Sold,Total Inventory on Hand, Preferred Vendor,Last Date Purchased, Buyer Name,Preferred Vendor Price,Extended Cost 
119778,300047,2X-LARGE BLUE POWDER-FREE NITRILE GLOVES 10/200/CS,N/A,O Non Stock Inactive,GNPR-2X-2,N/A,1,4190 HOSPECO,N/A,Noel Marucut,55.8,55.80
82893,300061,X-LARGE BLUE Powder Free  8MIL NITRILE GLOVE 10/50/CS GNEP-XL-5-T8,N/A,N Stock Active,GNEP-XL-5-T8,N/A,28,4190 HOSPECO,N/A,Noel Marucut,46.8,1310.40
82894,300062,LARGE BLUE Powder Free  8MIL NITRILE GLOVE 10/50/CS GNEP-LG-5-T8,N/A,N Stock Active,GNEP-LG-5-T8,03/13/2024,20,4190 HOSPECO,09/06/2024,Noel Marucut,52.9,1058.00
126803,330113,GREEN HEAVY APRON 36X50 8DZ/CS DAV20-36X50 *SPEC O*,N/A,O Non Stock Inactive,DAV20-36X50,N/A,2,4190 HOSPECO,N/A,Noel Marucut,21.24,42.48
122963,330180,MCPE-45B BLUE GOWN 100/CS 45" LONG  L SLEEVE THUMB LOOP,N/A,N Stock Active,MCPE-45B,03/12/2024,43,4190 HOSPECO,N/A,Noel Marucut,28.58,1228.94
83035,330230,DLWH-LG WHT LAB COAT 30/CS30EA/CS,N/A,O Non Stock Inactive,DLWH-LG,N/A,3,4190 HOSPECO,N/A,Noel Marucut,24.01,72.03
83040,330240,DLWH-MD WHITE LAB COAT 30/CS,N/A,O Non Stock Inactive,DLWH-MD,N/A,2,4190 HOSPECO,N/A,Noel Marucut,24.01,48.02
126806,330549,DCWH-2X-BB  2XL COVERALL 25/CS M1012-2X,N/A,O Non Stock Inactive,DCWH-2X-BB,N/A,1,4190 HOSPECO,N/A,Noel Marucut,41.8,41.80
126807,330566,DCWH-4X-BB-EWA COVERALL 25/CS M1017-4X  ELASTIC WRIST/ANKLE,N/A,O Non Stock Inactive,DCWH-4X-BB-EWA,N/A,225,4190 HOSPECO,N/A,Noel Marucut,2.17,488.25
109182,330608,LG BLACK 28MIL GLOVE 10DZ/CS NEOPRENE LATEX  FLOCK LINED,N/A,O Non Stock Inactive,GRFB-LG-1SY,N/A,2,4190 HOSPECO,N/A,Noel Marucut,13.5,27.00
125016,330797,LG PWDR FREE EXAM VINYL GLOVE 10/100,N/A,O Non Stock Inactive,GVEP-LG-1C,04/29/2024,50,4190 HOSPECO,N/A,Noel Marucut,24.12,1206.00
125017,330799,XL PWDR FREE EXAM VINYL GLOVE 10/100,N/A,O Non Stock Inactive,GVEP-XL-1C,05/01/2024,39,4190 HOSPECO,N/A,Noel Marucut,24.12,940.68
106061,330865,LG  BLUE PF VINYL GLOVES 2M/CS10/200/CS,N/A,O Non Stock Inactive,GVP9-LG-2-BL,N/A,14,4190 HOSPECO,N/A,Noel Marucut,80,1120.00
119774,331579,XL MICROPOUROUS COVERALL 25/CS  DCWH-XL-BB-HEWA,N/A,O Non Stock Inactive,DCWH-XL-BB-HEWA,N/A,1,4190 HOSPECO,N/A,Noel Marucut,74,74.00
126810,333078,MENS STRING KNIT GLOVE 25DZ/CS 8110/L  NATURAL COLOR,N/A,O Non Stock Inactive,8110/L,N/A,1,4190 HOSPECO,N/A,Noel Marucut,92.5,92.50
83959,460517,1/2 SEAT COVER GREEN SEAL 5MGREEN-5000  20/250EA,N/A,O Non Stock Inactive,GREEN-5000,04/25/2024,4,4190 HOSPECO,N/A,Noel Marucut,49.8,199.20
110310,510119,DRAIN & ODOR TREATMENT GS 5GAL E45-5  S/O,N/A,O Non Stock Inactive,E45-5,03/06/2024,3,2903 ECOLOGIC SOLUTIONS,N/A,Noel Marucut,76.16,228.48
126866,510141,24" BEIGE POLY THERMAL PAD 5/CS      S/O,N/A,O Non Stock Inactive,42-24,N/A,2,11834 ACS CLEANING PRODUCTS GROUP,N/A,Noel Marucut,21.58,43.16
100196,510416,PUSH BROOM PALMYRA 24"   EACHSTIFF BRN FIBERS  00720,N/A,O Non Stock Inactive,00720,04/17/2024,3,NP&PC-ODELL,N/A,Noel Marucut,8.53,25.59
89183,510461,CG8P MOP HANDLE GRAY10/CS POLY METAL CLICK N GO,N/A,O Non Stock Inactive,CG8P,N/A,1,8250 THE O'DELL CORPORATION,N/A,Noel Marucut,14.21,14.21
100207,510661,00695 FLEXIBLE DUST WAND  EA12EA/CS TOOL ONLY,N/A,O Non Stock Inactive,695,N/A,3,NP&PC-ODELL,N/A,Noel Marucut,6.93,20.79
84486,510713,92641182 32OZ SPRAY BOTTLE12/PK,N/A,O Non Stock Inactive,92641182,N/A,2,2830 ECOLAB INC.,N/A,Noel Marucut,8.67,17.34
89207,510780,MYFRESH DISPENSER WHT  EAMYCAB-F-0001006M,N/A,N Stock Active,MYCAB-F-0001006M,N/A,2,3496 FRESH PRODUCTS  LLC,N/A,Noel Marucut,3.99,7.98
121855,510866,SPICED APPLE EASY FRESH 2.0 12/BX 72/CS REFILL  S/O,N/A,O Non Stock Inactive,EFA1B-F-012I072M-01,03/05/2024,3,3496 FRESH PRODUCTS  LLC,03/21/2024,Noel Marucut,34.75,104.25
97400,510881,ICE & SNOW MELT GREEN 50#PREMIUM 49/PLT,N/A,O Non Stock Inactive,MP42940,04/24/2024,43,7386 MELTCO INC.,N/A,Noel Marucut,8.9,382.70
128331,510883,ICE & SNOW MELT GREEN 50# 49/PLT PRO POWERMELT+,N/A,N Stock Active,200250PT,N/A,637,7665 NATIONAL PAPER & PLASTICS CO.,N/A,Noel Marucut,8.15,5191.55
84515,511038,100907873  SOFT CARE IMPACT6/1200ML HAND SANITIZER,N/A,O Non Stock Inactive,100907873,N/A,1,10781 DIVERSEY INC,N/A,Noel Marucut,109.16,109.16
101340,511092,2117-08 NXT GOJO LOTION SOAP 8/1000ML DELUXE,N/A,O Non Stock Inactive,2117-08,03/12/2024,1,GOJO INDUSTRIES INC.,N/A,Noel Marucut,55.87,55.87
84545,511353,6101766 SOLID DETERGENT 4/9#AQUANOMIC 2.0  LAUNDRY,N/A,N Stock Active,6101766,N/A,2,2830 ECOLAB INC.,N/A,Noel Marucut,268.7,537.40
84546,511355,6101756 CLEARLY SOFT PLUS 2/6#AQUANOMIC 2.0  LAUNDRY,N/A,N Stock Active,6101756,N/A,2,2830 ECOLAB INC.,N/A,Noel Marucut,137.06,274.12
126874,511374,5316 MOP HEAD #16 NB  12/CS *SPEC O*,N/A,O Non Stock Inactive,5316,N/A,12,8250 THE O'DELL CORPORATION,N/A,Noel Marucut,1.93,23.16
126875,511487,14" BLUE CLEANING PAD 5/CS BCP14,N/A,N Stock Active,BCP14,N/A,2,11834 ACS CLEANING PRODUCTS GROUP,N/A,Noel Marucut,7.54,15.08
122248,511526,BT50 BLUE HUCK TOWEL 8/50CT,N/A,N Stock Active,BT50,N/A,6,46 MONARCH BRANDS,N/A,Noel Marucut,140,840.00
126876,511541,20" NATURAL LIGHT PAD UHS 5/CS NL20,N/A,N Stock Active,NL20,04/18/2024,22,11834 ACS CLEANING PRODUCTS GROUP,04/23/2024,Noel Marucut,12.71,279.62
100349,511704,32122 CLOROX SPORE DEFENSE 4CS128OZ HEALTHCARE,N/A,O Non Stock Inactive,CLO32122CT,N/A,3,S.P. RICHARDS COMPANY,N/A,Noel Marucut,86.52,259.56
84596,511725,680073 ODOR ELIMINATOR 12/32OZFABRIC & AIR  RTU,N/A,O Non Stock Inactive,680073,03/26/2024,3,SC JOHNSON PROFESSIONAL,N/A,Noel Marucut,80.88,242.64
101409,511820,9118-DSLV FLOOR STAND/DISPNSERPURELL HAND S WIPES,N/A,O Non Stock Inactive,9118-DSLV,N/A,2,GOJO INDUSTRIES INC.,N/A,Noel Marucut,163.79,327.58
122849,511858,6574-02 PURELL HEALTHY SOAP 2/CS CS6 MILD FOAM,N/A,O Non Stock Inactive,6574-02,N/A,4,GOJO INDUSTRIES INC.,N/A,Noel Marucut,36.84,147.36
121861,511908,5215-02 FMX-20 PURELL SOAP 2CS 2000ML HEALTHY FOAM SOAP,N/A,O Non Stock Inactive,5215-02,N/A,17,GOJO INDUSTRIES INC.,N/A,Noel Marucut,40.94,695.98
126878,512165,HG-3 RINSE ADDITIVE 4/1GAL,N/A,N Stock Active,0,N/A,8,11158 SPECTRUM SERVICES,N/A,Noel Marucut,63.12,504.96
84680,513117,6101054 BATHROOM CLNR 66HD2/1.3L ALKALINE FACILIPRO,N/A,N Stock Active,6101054,N/A,9,2830 ECOLAB INC.,N/A,Noel Marucut,42.07,378.63
84710,513291,6101848 TS LAUNDRY DET PLUS2.5GAL DETERGENT,N/A,N Stock Active,6101848,N/A,5,2830 ECOLAB INC.,N/A,Noel Marucut,169.65,848.25
84782,513538,6100606 APEX CHLORFREE 4/6.75#MACHINE DETERGENT,N/A,O Non Stock Inactive,6100606,N/A,1,2830 ECOLAB INC.,N/A,Noel Marucut,149.97,149.97
89291,517075,LAP16 16" LAMBSKIN REFILL PAD12/CS,N/A,O Non Stock Inactive,LAP16,N/A,12,8250 THE O'DELL CORPORATION,N/A,Noel Marucut,7.41,88.92
109924,518042,FINISH PAD   12/CS S/O,N/A,O Non Stock Inactive,4972122,N/A,1,8250 THE O'DELL CORPORATION,N/A,Noel Marucut,13.62,13.62
89314,518045,LF328A CHARGING BUCKET5.25GAL BLUE F/MICROFIBER,N/A,O Non Stock Inactive,LF328A,N/A,1,4190 HOSPECO,N/A,Noel Marucut,33.88,33.88
130481,518072,LWGS18 18" FLAT MOP GRN 12/PK MICROFIBER WET MOP S/O,N/A,O Non Stock Inactive,LWGS18,N/A,12,4190 HOSPECO,N/A,Noel Marucut,2.4,28.80
126890,519853,3M 19" BLACK PAD 7300 5/CS 08277-1 HIGH PROD  S/O,N/A,O Non Stock Inactive,61500014883,N/A,2,11515 3M,N/A,Noel Marucut,53.22,106.44
101436,530167,8520-01 CXI DISPENSER 1/CSTOUCH FREE COUNTER MOUNT,N/A,O Non Stock Inactive,8520-01,N/A,1,GOJO INDUSTRIES INC.,N/A,Noel Marucut,27,27.00
108290,530306,92211098 SPRAY BOTTLE MULTI-PURPOSE & GLASS,N/A,O Non Stock Inactive,92211098,N/A,40,5700 KAY CHEMICAL COMPANY,N/A,Noel Marucut,2.59,103.60
108291,530307,92211609 SPRAY BOTTLE SANISAVE SANITIZER  S/O,N/A,N Stock Active,92211609,N/A,378,5700 KAY CHEMICAL COMPANY,N/A,Noel Marucut,4.14,1564.92
101512,530343,CHESAPEAKE METALLIC/WHT DISP1/CS TOUCHFREE CB6,N/A,O Non Stock Inactive,6632-01-J72MTOR,N/A,78,GOJO INDUSTRIES INC.,N/A,Noel Marucut,10,780.00
119143,530383,8565-04-N6300GN CX GOJO SOAP 4/1500ML GREEN CERT FOAM,N/A,N Stock Active,8565-04-N6300GN,N/A,4,GOJO INDUSTRIES INC.,N/A,Noel Marucut,73.23,292.92
122875,530399,CHESAPEAKE METALLIC/WHT DISP 1/CS TOUCHFREE CB8,N/A,N Stock Active,7632-01-J72MTOR,N/A,54,GOJO INDUSTRIES INC.,N/A,Noel Marucut,12.5,675.00
110495,543139,D1222660 SPRAY BOTTLES 12/32OZ ALPHA HP,N/A,N Stock Active,D1222660,N/A,9,10781 DIVERSEY INC,N/A,Noel Marucut,23.02,207.18
110497,543141,D95007826 SPRAY BOTTLES 12/32O PAN CLEAN,N/A,O Non Stock Inactive,D95007826,N/A,1,10781 DIVERSEY INC,N/A,Noel Marucut,24.32,24.32
85146,544271,904271 STENCH/STAIN DIGESTER6/32OZ  F/URINE VOMMIT,N/A,O Non Stock Inactive,904271,N/A,1,10781 DIVERSEY INC,N/A,Noel Marucut,103.2,103.20
85163,544415,4995480 SHINE UP RTU 12/32OZLIQUID LEMON POLISH,N/A,O Non Stock Inactive,4995480,N/A,1,10781 DIVERSEY INC,N/A,Noel Marucut,49,49.00
119114,544511,100905391 CLAX MAGIC PROTEIN 6/32OZ LAUNDRY,N/A,O Non Stock Inactive,100905391,N/A,1,10781 DIVERSEY INC,N/A,Noel Marucut,98.69,98.69
122631,544512,100905392 CLAX MAGIC WHITE 6/32OZ SPOTTER LAUNDRY,N/A,O Non Stock Inactive,100905392,N/A,1,10781 DIVERSEY INC,N/A,Noel Marucut,80.06,80.06
85170,544575,95325322 CREW FOAM/ACID CLNR12/32OZ,N/A,O Non Stock Inactive,95325322,N/A,1,10781 DIVERSEY INC,N/A,Noel Marucut,41.84,41.84
125655,544810,904809 GOOD SENSE FRESH SCENT 12EA/CS,N/A,O Non Stock Inactive,904809,N/A,4,10781 DIVERSEY INC,N/A,Noel Marucut,80.8,323.20
89646,551993,1993 CLOSET ORGANIZER GRAY EA4EA/CS 34",N/A,O Non Stock Inactive,FG199300GRAY,N/A,1,NEWELL BRANDS DISTRIBUTION LLC,N/A,Noel Marucut,53.26,53.26
126910,554403,4403 BLK PLATFORM TRUCK 24X36 HVY DUTY S/O,N/A,O Non Stock Inactive,FG440300BLA,N/A,1,NEWELL BRANDS DISTRIBUTION LLC,N/A,Noel Marucut,508.4,508.40
129144,556361,6361 60" THREADED HANDLE WOOD 12EA/CS 1 15/16"  S/O,N/A,O Non Stock Inactive,FG636100LAC,03/07/2024,24,NEWELL BRANDS DISTRIBUTION LLC,03/12/2024,Noel Marucut,2.76,66.24
89862,559321,9321 WHT INGREDIENT BIN 21GALLON,N/A,O Non Stock Inactive,9321,N/A,4,2170 AMERICAN PLASTICS,N/A,Noel Marucut,125.44,501.76
89870,559B57,9B57 TILE & GROUT BRUSH 12/CSBRASS BRISTLE,N/A,O Non Stock Inactive,FG9B57000000,N/A,10,NEWELL BRANDS DISTRIBUTION LLC,N/A,Noel Marucut,3.07,30.70
85243,55Q610,Q610 MICROFIBER CLOTH 12/CSYELLOW BATHROOM,N/A,O Non Stock Inactive,FGQ61000YL00,N/A,1,NEWELL BRANDS DISTRIBUTION LLC,N/A,Noel Marucut,40.2,40.20
117465,560036,3139BX-EH GALAXY 12  EA BOX EXTRACTOR 12GAL  S/O,N/A,O Non Stock Inactive,3139BX-EH,N/A,1,2803 EDIC,N/A,Noel Marucut,1660,1660.00
97624,560102,14555 LIQUID CHISEL MAX 55GALULTRA STRENGTH DEGREASER,N/A,N Stock Active,1455500,N/A,6,1065 BETCO CORPORATION,N/A,Noel Marucut,380.29,2281.74
90004,560507,1.106-160.0 DUAL MISTER   EAHD 2.0/1000,N/A,O Non Stock Inactive,1.106-160.0,N/A,1,13289 KARCHER NORTH AMERICA,N/A,Noel Marucut,1140,1140.00
90007,560540,524093 FLEXSPRAY HANDHELD  EA0,N/A,O Non Stock Inactive,524093,N/A,1,NILFISK INC,N/A,Noel Marucut,399,399.00
124661,560750,SENSOR BP CORDLESS VACUUM EA 9.877-937.0,N/A,O Non Stock Inactive,9.877-937.0,N/A,1,13289 KARCHER NORTH AMERICA,N/A,Noel Marucut,413.4,413.40
123582,567345U,PF55 20 GAL. WET/DRY VAC USED,N/A,O Non Stock Inactive,PF55,N/A,1,TACONY CORPORATION,N/A,Noel Marucut,N/A,0.00
123258,567374,M3M MOTORSCRUBBER STARTER KIT MEDIUM HANDLE,N/A,O Non Stock Inactive,M3M,N/A,1,7333 MOTOR SCRUBBER USA,N/A,Noel Marucut,449.4,449.40
117451,569038D,E84700-00 MOTOMOP F/DEMO   EA CLEANING MACHINE  S/O,N/A,N Stock Active,E84700-00,N/A,1,1065 BETCO CORPORATION,N/A,Noel Marucut,1079.4,1079.40
110493,573438,3364707 CREW RESTROOM/SURFACE 2/1.5LTR RTD N/A DISINFCT S/O,N/A,O Non Stock Inactive,3364707,N/A,3,10781 DIVERSEY INC,N/A,Noel Marucut,34.34,103.02
125674,573443,93515034 PRE-SPRAY PLUS RTD 2/1.5LTR,N/A,O Non Stock Inactive,93515034,N/A,2,10781 DIVERSEY INC,N/A,Noel Marucut,65.61,131.22
108247,593034,4485501 SUMA DRAIN MAINTAINER 4/1GAL GTS1,N/A,O Non Stock Inactive,4485501,N/A,12,10781 DIVERSEY INC,N/A,Noel Marucut,101.91,1222.92
85471,720922,10.5X9-5/8X.75 FOAM BLOCKEPS 1.0# NOMINAL 250/CS,N/A,O Non Stock Inactive,0,N/A,1,8290 ORLANDO PRODUCTS INC.,N/A,Noel Marucut,190.24,190.24
117462,755885U1,IPC CT70 USED,N/A,O Non Stock Inactive,CT70,N/A,1,2800 IPC EAGLE,N/A,Noel Marucut,N/A,0.00
117531,755886U,TENNANT B7 BURNISHER USED,N/A,O Non Stock Inactive,B7,N/A,1,11649 TENNANT,N/A,Noel Marucut,N/A,0.00
121937,801677,PARLOUR VICTORIA ROUND COASTER 2500  4",N/A,O Non Stock Inactive,PARLOUR VICTORIA,03/05/2024,3,SONOCO PRODUCTS COMPANY,N/A,Noel Marucut,345.27,1035.81
117514,880081U1,56601626 ADVENGER X2805D DISC USED NO BATTERIES,N/A,O Non Stock Inactive,56601626,N/A,1,NILFISK INC,N/A,Noel Marucut,N/A,0.00
117515,880081U2,56601626 ADVENGER X2805D DISC USED NO BATTERIES,N/A,O Non Stock Inactive,56601626,N/A,1,NILFISK INC,N/A,Noel Marucut,N/A,0.00
126396,880165D,SENSOR BP 12 UPRIGHT VAC DEMO 1.012-901.0 10129010,N/A,N Stock Active,1.012-901.0,N/A,1,13289 KARCHER NORTH AMERICA,N/A,Noel Marucut,696.57,696.57
104615,882342R,TASKI SWINGO 755B AUTOSCRUB,N/A,O Non Stock Inactive,5594143,N/A,1,10781 DIVERSEY INC,N/A,Noel Marucut,3333.47,3333.47
123745,885814,S50 AUTONOMOUS SCRUBBER MID-SIZE,N/A,O Non Stock Inactive,S50,N/A,1,SOFTBANK ROBOTICS AMERICA INC.,N/A,Noel Marucut,35000,35000.00
90622,887030,56383408 VL500-75 ERGO WET DRYWET/DRY VACUUM,N/A,O Non Stock Inactive,56383408,N/A,1,NILFISK INC,N/A,Noel Marucut,656.4,656.40
97818,900057,7375 RUBBER KNEE PADS 1PR/CS0,N/A,O Non Stock Inactive,7375,N/A,10,4190 HOSPECO,N/A,Noel Marucut,13.43,134.30
130724,913377,WHIZ AUTONOMOUS VAC SWEEPER,N/A,O Non Stock Inactive,0,N/A,1,SOFTBANK ROBOTICS AMERICA INC.,N/A,Noel Marucut,23290,23290.00
121968,913431,TMMP446016 S1 16" MOPS 500/CS MICROFIBER SINGLE USE S/O,N/A,O Non Stock Inactive,TMMP446016,N/A,1,12039 UNIMED CORP.,N/A,Noel Marucut,80.19,80.19
122394,913499,92682-00 FASTDRAW PRO DISPENSR ACTION GAP,N/A,O Non Stock Inactive,9268200,N/A,5,1065 BETCO CORPORATION,N/A,Noel Marucut,N/A,0.00
122776,913514,V1640CC-32 32OZ PET CLEAR CUP VINTAGE 300/CASE 2140,N/A,O Non Stock Inactive,2140 / V1640CC-32,N/A,3,3370 FORMAN INC,N/A,Noel Marucut,61.24,183.72
99572,916548,B-165 4836 MIRROR 48X36 SS,N/A,N Stock Active,B-165 4836,N/A,5,1190 BOBRICK WASHROOM EQUIPMENT INC,N/A,Noel Marucut,137.66,688.30
99573,932436,B293-2436 TILT MIRROR,N/A,N Stock Active,B293-2436,N/A,6,1190 BOBRICK WASHROOM EQUIPMENT INC,N/A,Noel Marucut,181.26,1087.56
104479,932581,29354 51" HANDLE RED ALUMINUM,N/A,O Non Stock Inactive,29354,N/A,1,10037 REMCO PRODUCTS,N/A,Noel Marucut,14.88,14.88
117495,932585,TRAY F/DELTA HAMPER  SILVER EA P190975N  S/O,N/A,O Non Stock Inactive,P190975N,N/A,10,3206 FILMOP USA LLC,N/A,Noel Marucut,14.85,148.50
130591,951113,50205-4 CASTERS RUBBER TIRES SET OF 4 5" SWIVEL W/BRAKES,N/A,O Non Stock Inactive,50205-4,N/A,3,2170 AMERICAN PLASTICS,N/A,Noel Marucut,186.95,560.85
99574,962436,B-165 2436 MIRROR S/S,N/A,N Stock Active,B-165 2436,N/A,6,1190 BOBRICK WASHROOM EQUIPMENT INC,N/A,Noel Marucut,48.59,291.54
93191,985003,7200 DRUM WRENCH   EA0,N/A,O Non Stock Inactive,7200,N/A,10,4190 HOSPECO,N/A,Noel Marucut,15.22,152.20
102434,985691,7745-GPH-18 DRIP TRAY GRAPHITE S/O,N/A,O Non Stock Inactive,7745-GPH-18,N/A,1,GOJO INDUSTRIES INC.,N/A,Noel Marucut,4.1,4.10
122638,985782,SUPERCOURT FLR CARE SYSTEM 60" WM710013471,N/A,O Non Stock Inactive,WM710013471,N/A,1,10781 DIVERSEY INC,N/A,Noel Marucut,134.76,134.76
87072,985952,92021031 APPLICATOR PADS 5/CSPHAZER,N/A,O Non Stock Inactive,92021031,N/A,2,2830 ECOLAB INC.,N/A,Noel Marucut,30.19,60.38
93225,985965,1103 BLACK SANITARY RECEPTA0,N/A,O Non Stock Inactive,1103 BLACK,N/A,3,4190 HOSPECO,N/A,Noel Marucut,16.63,49.89
109960,986128,9W27-73 50GL ROLLOUT CONTAINER RECYCLING S/O,N/A,O Non Stock Inactive,FG9W2773BLUE,N/A,2,NEWELL BRANDS DISTRIBUTION LLC,N/A,Noel Marucut,81.32,162.64
93233,986193,# SC889 VACUUM 6.5AMP  EASANITAIRE,N/A,O Non Stock Inactive,SC889,N/A,1,2991 ELECTROLUX HOME CARE PRODUCTS,N/A,Noel Marucut,191.1,191.10
100357,986201,CLO14882CT TOILET WAND REFILL 48/CS,N/A,O Non Stock Inactive,CLO14882CT,N/A,2,S.P. RICHARDS COMPANY,N/A,Noel Marucut,22.56,45.12
93238,986269,7353 BLOOD CLEANUP KIT  EA0,N/A,O Non Stock Inactive,7353,N/A,3,4190 HOSPECO,N/A,Noel Marucut,11.87,35.61
93246,986437,2X3 522 TUFF SPUN  EABLACK WEAR BONDED,N/A,O Non Stock Inactive,WB 0023KP,N/A,9,6470 LUDLOW COMPOSITES CORPORATION,N/A,Noel Marucut,21.17,190.53
87092,986442,PERSONAL DISPOSABLE BAG 1MF/SANITARY NAPKIN **,N/A,O Non Stock Inactive,25123298,N/A,1,4190 HOSPECO,N/A,Noel Marucut,27.37,27.37
127139,986607,55-14 14" GREEN SCRUB PAD 5/CS S/O,N/A,O Non Stock Inactive,55-14,N/A,4,11834 ACS CLEANING PRODUCTS GROUP,N/A,Noel Marucut,8.03,32.12
93253,986624,LBH18BPK PROPACK SYSTEM KI0,N/A,O Non Stock Inactive,LBH18BPK,N/A,2,4190 HOSPECO,N/A,Noel Marucut,79.34,158.68
93256,986665,7368 LOCKING WALL CABINET 5SHARPS CONTAINER,N/A,O Non Stock Inactive,7368,N/A,1,4190 HOSPECO,N/A,Noel Marucut,50.55,50.55
117475,986965,16" TOP-DOWN CHARGING BUCKET 5GAL BLUE GRAY HANDLE W/COVER,N/A,O Non Stock Inactive,0000SE1322A,N/A,8,3206 FILMOP USA LLC,N/A,Noel Marucut,32.26,258.08
127146,987175,2456-DS PURELL DISPENSER STAND 1/CS ELITE LTX  S/O,N/A,O Non Stock Inactive,2456-DS,N/A,1,GOJO INDUSTRIES INC.,N/A,Noel Marucut,550,550.00
103675,987395,6942 ENZYME DRAIN CLEANER 5GALDEVOUR IT,N/A,O Non Stock Inactive,6942,N/A,9,11174 STARCO CHEMICAL CO,N/A,Noel Marucut,109.85,988.65
127147,987460,NON-SCRATCH SCRUB/SPONGE 8/3CT #MMMMP3CT SCOTCH-BRITE S/O,N/A,O Non Stock Inactive,MMMMP3CT,N/A,8,S.P. RICHARDS COMPANY,N/A,Noel Marucut,2.79,22.32
93436,990927,PX30ES REPLACEMENT TANKPROTEXUS,N/A,O Non Stock Inactive,PX30ES,N/A,1,2936 EARTHSAFE CHEMICAL ALTERNATIVE,N/A,Noel Marucut,14,14.00
87169,992083,GK-AXCESS VAC BAG  10/PK10PK/CS,N/A,O Non Stock Inactive,GK-AXCESS,N/A,30,3861 GREEN KLEAN,N/A,Noel Marucut,8.99,269.70
87180,995304,GK-OR-EXTRA LARGE VAC BAG 8PKORECK STYLE,N/A,O Non Stock Inactive,GK-OR-XL,N/A,2,3861 GREEN KLEAN,N/A,Noel Marucut,4.57,9.14
87183,995334,GK-CARPTWIN VAC BAG 10/PK,N/A,N Stock Active,GK-CARPTWIN,N/A,8,3861 GREEN KLEAN,N/A,Noel Marucut,6.08,48.64
87185,995499,GK-PT565 CLOTH BAGSUPER COACH,N/A,O Non Stock Inactive,GK-PT565,N/A,6,3861 GREEN KLEAN,N/A,Noel Marucut,4.88,29.28
87187,995546,GK-ADGIL6XP VAC BAG 2EALL PURPOSEK10PK/CS F/ADVANCE ADGILITY,N/A,O Non Stock Inactive,GK-ADGIL6XP,N/A,5,3861 GREEN KLEAN,N/A,Noel Marucut,5.89,29.45
109780,995805,GK-EURSL VAC BAG 3/PK EUREKA S782  SC785 SANITAIRE,N/A,O Non Stock Inactive,GK-EURSL,N/A,7,3861 GREEN KLEAN,N/A,Noel Marucut,1.7,11.90
125727,998642,GK-EURMM PAPER BAG 3/PK 12PK/CS MIGHTY MITE CANISTER,N/A,O Non Stock Inactive,GK-EURMM,N/A,6,3861 GREEN KLEAN,N/A,Noel Marucut,25.44,152.64
103249,R513155,6100176 APEX SOLID QUAT2/2# BROAD RANGE SANITIZER,N/A,N Stock Active,6100176,N/A,10,2830 ECOLAB INC.,N/A,Noel Marucut,115.85,1158.50
87784,R517158,MOP HEAD #24 RAYON CUT 121.25 BAND,N/A,N Stock Active,2324,N/A,3,8250 THE O'DELL CORPORATION,N/A,Noel Marucut,54,162.00
