CUSTOMER,ITEM,PRICE Level,COMMODITY,Current Sell,UNIT COST C/S,CURRENT GP%,LAST SALE DATE,LAST SELL C/S,LAST COST C/S,LAST GP%,LAST QUANTITY C/S,WH AVAIL C/S,COST TYPE
292142 Inverness Brewing,262294 9077-0047  3"X90 2PLY REG TAPE .45" CORE WHITE/CANARY   50/CS,Custom,BOND PAPER,54.28,46.14,15.00,N/A,N/A,N/A,N/A,N/A,44,Item Defined Cost
292142 Inverness Brewing,350087 12" PLAIN KRAFT CORR PIZZA BOX 50/BD 12X12X2 *,Custom,BOX PIZZA CORRG,16.75,12.56,25.01,N/A,N/A,N/A,N/A,N/A,105,Item Defined Cost
292142 Inverness Brewing,350084 10" B-FLUTE KRAFT PIZZA BOX 50/BD 10X10X2 CORRUGATED STOCK PRINT,Custom,BOX PIZZA CORRG,13.01,9.76,24.98,N/A,N/A,N/A,N/A,N/A,529,Item Defined Cost
292142 Inverness Brewing,350085 14" B-FLUTE KRAFT PIZZA BOX 50/BD 14X14X2 CORRUGATED STOCK PRINT,Custom,BOX PIZZA CORRG,21.03,15.77,25.01,N/A,N/A,N/A,N/A,N/A,11,Item Defined Cost
292142 Inverness Brewing,440510 2757 CHICKEN BOX 250/CS9X5X4 PLAIN WHITE TUCK TOP,Custom,C/0 BARNS BOXES,63.09,50.47,20.00,N/A,N/A,N/A,N/A,N/A,84,Item Defined Cost
292142 Inverness Brewing,500197 RCM-4347X 43X47 BLK CANLNR 100 1.5MIL COEX SUPERTUFF 3-PLY,Custom,CANLNR LIN/LOW,28.92,20.82,28.01,N/A,N/A,N/A,N/A,N/A,406,Item Defined Cost
292142 Inverness Brewing,170046 14" CORRUGATED CIRCLE 100/CS11525,Custom,CIRCLES CORRG,35.83,26.87,25.01,N/A,N/A,N/A,N/A,N/A,48,Item Defined Cost
292142 Inverness Brewing,560129 13804 PH7 NEUTRAL CLNR 4/1GAL 35#,Custom,CLEANER FLOOR,38.29,28.72,24.99,N/A,N/A,N/A,N/A,N/A,17,Item Defined Cost
292142 Inverness Brewing,031186 FC-12 12oz COMPOST FOOD CONT20/25  500/CASE COMPOSTABLE,Custom,CONT FOOD ECO,71.41,53.56,25.00,N/A,N/A,N/A,N/A,N/A,10,Item Defined Cost
292142 Inverness Brewing,031187 FC-16 16oz COMPOST FOOD CONT20/25  500/CASE COMPOSTABLE,Custom,CONT FOOD ECO,72.79,54.59,25.00,N/A,N/A,N/A,N/A,N/A,9,Item Defined Cost
292142 Inverness Brewing,101096 CHDC16240 16oz DELI COMBO 240/ MICROWAVEABLE,Custom,CONTAINER DELI,28.84,21.63,25.00,N/A,N/A,N/A,N/A,N/A,643,Item Defined Cost
292142 Inverness Brewing,101097 CHDC32240 32oz DELI COMBO 240/ MICROWAVEABLE,Custom,CONTAINER DELI,45.32,33.99,25.00,N/A,N/A,N/A,N/A,N/A,829,Item Defined Cost
292142 Inverness Brewing,100345 PET16 16OZ CLEAR PET CUP 1M PTC16-D98,Custom,CUP PET CLEAR,51.51,38.63,25.00,N/A,N/A,N/A,N/A,N/A,1001,Item Defined Cost
292142 Inverness Brewing,100344 PET12 12OZ PET Clear CUP 1M/CS14OZ FLUSH  PTC14-D98,Custom,CUP PET CLEAR,49.44,37.08,25.00,N/A,N/A,N/A,N/A,N/A,1040,Item Defined Cost
292142 Inverness Brewing,130338 DUSSPF5 SMARTSTOCK PP Black FORK960/CS,Custom,CUTLERY SMRT STK,56.51,42.38,25.00,N/A,N/A,N/A,N/A,N/A,513,Item Defined Cost
292142 Inverness Brewing,130339 DUSSPK5 SMARTSTK PP Black KNIFE960/CS,Custom,CUTLERY SMRT STK,56.51,42.38,25.00,N/A,N/A,N/A,N/A,N/A,272,Item Defined Cost
292142 Inverness Brewing,130340 DUSSPT5 SMARTSTK PP Black SPOON960/CS,Custom,CUTLERY SMRT STK,56.51,42.38,25.00,N/A,N/A,N/A,N/A,N/A,316,Item Defined Cost
292142 Inverness Brewing,531190 DUSSTDSP3 SMARTSTOCK TRI-TOWERCUTLERY DISPENSER  1/EA,Custom,CUTLERY SMRT STK,96.56,77.25,20.00,N/A,N/A,N/A,N/A,N/A,4,Item Defined Cost
292142 Inverness Brewing,400193 SW-12 12X10 DELI PAPER 12/500WHT INTERFOLD 6M/CS,Custom,DELI PAPER,74.67,59.74,19.99,N/A,N/A,N/A,N/A,N/A,48,Item Defined Cost
292142 Inverness Brewing,510827 HI-LO DISH DETG CONC 4/1GALHAND DISHWASHING CHESAPEAKE,Custom,DISH DETG LIQUID,34.31,24.70,28.01,N/A,N/A,N/A,N/A,N/A,266,Item Defined Cost
292142 Inverness Brewing,544086 2576502 BAR GLASS CLEANER 100 100/.5OZ HIGH SUDS,Custom,DISH DETG POWDER,23.73,17.80,24.99,N/A,N/A,N/A,N/A,N/A,19,Item Defined Cost
292142 Inverness Brewing,510791 Germicidal Bleach 6%  6/1gal/cs,Custom,DISINFECTANTS,23.0,19.78,14.00,N/A,N/A,N/A,N/A,N/A,207,Item Defined Cost
292142 Inverness Brewing,1126672 8334-E1 ES10 Purell Hand Soap Dispenser 1/CS Graphite Touch-Free,Custom,DISPENSER SOAP,19.32,12.88,33.33,N/A,N/A,N/A,N/A,N/A,37,Item Defined Cost
292142 Inverness Brewing,530342 CHESAPEAKE Black/Black DISPENSER1/CS PUSH-STYLE CB4,Disposables,DISPENSER SOAP,N/A,0.01,N/A,N/A,N/A,N/A,N/A,N/A,96,Item Defined Cost
292142 Inverness Brewing,531060 56TR 9" TWIN TORK TISSUE DISP1/CS TORK SMOKE,Custom,DISPENSERS TT,36.8,27.60,25.00,N/A,N/A,N/A,N/A,N/A,7,Item Defined Cost
292142 Inverness Brewing,151267 TO-SC-T39-LFS 3COMP FIBER TACO BOX HINGED 9X8X3 300/CS,Custom,FIBER BWL COMPST,92.07,69.05,25.00,N/A,N/A,N/A,N/A,N/A,12,Item Defined Cost
292142 Inverness Brewing,310052 ACM122 12X2M FOODSERVICE FILM,Custom,FILM FOODSERV,12.33,9.25,24.98,N/A,N/A,N/A,N/A,N/A,621,Item Defined Cost
292142 Inverness Brewing,390038 18X500 HEAVY FOIL ROLL 18 MIC WELLCARE S/O,Custom,FOIL ROLLS,28.84,21.63,25.00,N/A,N/A,N/A,N/A,N/A,39,Item Defined Cost
292142 Inverness Brewing,150316 EP-HC96NFA 9X6X3 CLAMSHELL HINGE COMPOSTABLE 250/CS,Custom,HINGE FIBER,42.24,31.68,25.00,N/A,N/A,N/A,N/A,N/A,26,Item Defined Cost
292142 Inverness Brewing,150355 EP-HC6NFA 6X6X3 CLAMSHELL HING RENEWABLE COMPOSTABLE,Custom,HINGE FIBER,50.83,38.12,25.00,N/A,N/A,N/A,N/A,N/A,97,Item Defined Cost
292142 Inverness Brewing,150357 EP-HC91NFA 9X9X3 HINGE CONT RENEWABLE COMPOSTABLE 200/CS,Custom,HINGE FIBER,47.23,35.42,25.01,N/A,N/A,N/A,N/A,N/A,103,Item Defined Cost
292142 Inverness Brewing,031190 CFCL-1232 COMPOSTABLE LID 500/CPLA  10/50,Custom,LID PLA FOODCONT,85.15,63.86,25.00,N/A,N/A,N/A,N/A,N/A,19,Item Defined Cost
292142 Inverness Brewing,031530 200APL 2OZ SOUFFLE LID 2500/CS2OZ AND 1.5OZ,Custom,LIDS SOUFFLE,21.97,16.48,24.99,N/A,N/A,N/A,N/A,N/A,867,Item Defined Cost
292142 Inverness Brewing,031531 345APL 3.25/4/5.5 SOUFFLE LID2500/CS    50/50,Custom,LIDS SOUFFLE,32.96,24.72,25.00,N/A,N/A,N/A,N/A,N/A,1266,Item Defined Cost
292142 Inverness Brewing,430964 168396 10X10 2PLY WHITE BEVNAP 8/300/CS,Custom,NAPKIN BEVERAGE,32.79,27.87,15.00,N/A,N/A,N/A,N/A,N/A,343,Item Defined Cost
292142 Inverness Brewing,430018 NP7380A 17X17 1/8F 3PLY NAPKIN6/290/CS  ADVANCED,Custom,NAPKINS DINNER,77.5,59.54,23.17,N/A,N/A,N/A,N/A,N/A,58,Contracted Cost
292142 Inverness Brewing,330305 Large Black Nitrile Gloves 1M/CS,Custom,NITRILE GLOVES,34.33,27.81,18.99,N/A,N/A,N/A,N/A,N/A,1859,Item Defined Cost
292142 Inverness Brewing,510695 CH9620 6X9 NYLON SCOURING 20CSGREEN CHESAPEAKE,Custom,PAD HAND MISC,6.0,4.20,30.00,N/A,N/A,N/A,N/A,N/A,304,Item Defined Cost
292142 Inverness Brewing,250083 CLUB FRILLS 4" R812B 10/1M/CS BAMBOO,Custom,PICKS,42.98,36.53,15.01,N/A,N/A,N/A,N/A,N/A,11,Item Defined Cost
292142 Inverness Brewing,150352 EP-P013NFA 9" MOLDED WHITE PLATE RENEWABLE COMPOSTABLE 500/CS,Custom,PLATE COMPOSTABL,44.75,33.56,25.01,N/A,N/A,N/A,N/A,N/A,444,Item Defined Cost
292142 Inverness Brewing,150298 EP-P016 6" MOLDED FIBER PLATE 1000/CS WHITE  PFAS FREE,Custom,PLATE COMPOSTABL,36.21,27.16,24.99,N/A,N/A,N/A,N/A,N/A,112,Item Defined Cost
292142 Inverness Brewing,510572 TERRY TOWEL WHITE 10# 537-10,Custom,RAGS,26.37,19.78,24.99,N/A,N/A,N/A,N/A,N/A,195,Item Defined Cost
292142 Inverness Brewing,013259 13.75X9.5X15.75 BROWN SHOPPER SUPER ROYAL 110GSM 200/CS,Custom,SHOPPERS BROWN,59.55,44.66,25.00,N/A,N/A,N/A,N/A,N/A,42,Item Defined Cost
292142 Inverness Brewing,511914 8385-02 ES10 PURELL FOAM SOAP 2/1200ML TF CRT UNSCENTED,Custom,SOAP HAND,59.71,44.78,25.00,N/A,N/A,N/A,N/A,N/A,116,Item Defined Cost
292142 Inverness Brewing,510947 HAND SOAP WHITE ALMOND 4/1GALPEARLIZED CHESAPEAKE,Custom,SOAP HAND,28.08,21.06,25.00,N/A,N/A,N/A,N/A,N/A,50,Item Defined Cost
292142 Inverness Brewing,511910 P7640 CLR/MILD FOAM SOAP 2/CS CB8 CHESAPEAKE,Custom,SOAP HAND,55.95,41.96,25.00,N/A,N/A,N/A,N/A,N/A,11,Item Defined Cost
292142 Inverness Brewing,985002 Mrs. Meyer's Liquid Hand Soap 6/12.5oz Lemon 651321,Custom,SOAP HAND,31.2,21.84,30.00,N/A,N/A,N/A,N/A,N/A,2,Item Defined Cost
292142 Inverness Brewing,031523 325APS 3.25OZ Clear SOUFFLE2500/CS  PLASTIC,Custom,SOUFFLE PLASTIC,34.33,25.75,24.99,N/A,N/A,N/A,N/A,N/A,136,Item Defined Cost
292142 Inverness Brewing,031526 200APBS 2OZ Black PLAS SOUFFLE2500/CS,Custom,SOUFFLE PLASTIC,21.97,16.48,24.99,N/A,N/A,N/A,N/A,N/A,1210,Item Defined Cost
292142 Inverness Brewing,372019 2019 FULL STEAM PAN DEEP 50/CS,Custom,STEAM PAN ALUM,58.84,45.31,22.99,N/A,N/A,N/A,N/A,N/A,587,Item Defined Cost
292142 Inverness Brewing,521054 2X60 MASKING TAPE CP105 24/CS,Custom,TAPE MASKING,61.49,49.19,20.00,N/A,N/A,N/A,N/A,N/A,15,Item Defined Cost
292142 Inverness Brewing,261291 3-1/8"X220' THERMAL REGISTERCORE 7/16 50RL/CS,Custom,THERMAL PAPER,59.4,44.55,25.00,N/A,N/A,N/A,N/A,N/A,233,Item Defined Cost
292142 Inverness Brewing,1159841 12021502 Tork Advanced Jumbo Bath Tissue Roll 2-Ply 10 inch Dia.,Custom,TOILETISSUE JUMB,53.12,39.84,25.00,N/A,N/A,N/A,N/A,N/A,N/A,Item Defined Cost
292142 Inverness Brewing,901694 0521 2.5LB KRAFT FOOD TRAY,Custom,TRAY FOOD PAPER,25.6,21.76,15.00,N/A,N/A,N/A,N/A,N/A,127,Item Defined Cost
292142 Inverness Brewing,250712 WHITE CLAMSHELL HOTDOG 500 4/125 9065,Custom,TRAYS HOTDOG,48.49,36.37,24.99,N/A,N/A,N/A,N/A,N/A,42,Item Defined Cost
292142 Inverness Brewing,300059 6700300 WETNAP FLAG PRINT 1M/6700300,Custom,WET NAPS,17.72,13.29,25.00,N/A,N/A,N/A,N/A,N/A,394,Item Defined Cost
292142 Inverness Brewing,457434 NO-RINSE SANITZNG WIPE 12/72CT M30472 RED MULTI-SURF SOFTPACK,Custom,WIPER FOODSVC,62.83,49.01,22.00,N/A,N/A,N/A,N/A,N/A,30,Item Defined Cost
